Index dne,Uživatelé
01.09.20,8
02.09.20,94
03.09.20,49
04.09.20,29
05.09.20,64
06.09.20,23
07.09.20,13
08.09.20,12
09.09.20,32
10.09.20,175
11.09.20,56
12.09.20,22
13.09.20,35
14.09.20,28
15.09.20,14
16.09.20,53
17.09.20,968
18.09.20,388
19.09.20,131
20.09.20,89
21.09.20,126
22.09.20,86
23.09.20,28
24.09.20,32
25.09.20,32
26.09.20,11
27.09.20,15
28.09.20,14
29.09.20,19
30.09.20,27
01.10.20,25
02.10.20,21
03.10.20,9
04.10.20,10
05.10.20,22
06.10.20,18
07.10.20,7
08.10.20,28
09.10.20,25
10.10.20,14
11.10.20,14
12.10.20,17
13.10.20,15
14.10.20,23
15.10.20,12
16.10.20,48
17.10.20,19
18.10.20,26
19.10.20,183
20.10.20,30
21.10.20,94
22.10.20,121
23.10.20,182
24.10.20,101
25.10.20,37
26.10.20,133
27.10.20,155
28.10.20,44
29.10.20,50
30.10.20,43
31.10.20,25
01.11.20,35
02.11.20,21
03.11.20,17
04.11.20,19
05.11.20,25
06.11.20,20
07.11.20,17
08.11.20,10
09.11.20,13
10.11.20,10
11.11.20,14
12.11.20,10
13.11.20,11
14.11.20,13
15.11.20,14
16.11.20,63
17.11.20,362
18.11.20,301
19.11.20,73
20.11.20,36
21.11.20,22
22.11.20,27
23.11.20,52
24.11.20,15
25.11.20,17
26.11.20,10
27.11.20,18
28.11.20,8
29.11.20,17
30.11.20,23
01.12.20,15
02.12.20,14
03.12.20,19
04.12.20,18
05.12.20,12
06.12.20,6
07.12.20,14
08.12.20,13
09.12.20,11
10.12.20,8
11.12.20,14
12.12.20,8
13.12.20,7
14.12.20,4
